{
  "viewMappings": {
    "ViewMappings": []
  },
  "menus": {
    "Categories": [
      {
        "Name": "Commands0",
        "Text": "ctxPlan0",
        "Items": [
          {
            "Name": "ctxPlan0",
            "Text": "Config",
            "HelpText": "",
            "Popup": true,
            "Shortcut": 0,
            "HasHandler": false,
            "ViewTypeName": "",
            "ViewType": null,
            "ViewKind": 0
          },
          {
            "Name": "ResourceDown",
            "Text": "Resource DOWN",
            "HelpText": "",
            "Popup": false,
            "Shortcut": 0,
            "HasHandler": false,
            "ViewTypeName": "FabSimulatorUI.Config.ResourceDownView, FabSimulatorUI",
            "ViewType": "FabSimulatorUI.Config.ResourceDownView, FabSimulatorUI, Version=1.0.0.0, Culture=neutral, PublicKeyToken=null",
            "ViewKind": 2
          },
          {
            "Name": "PhotoStacking",
            "Text": "Photo Stacking",
            "HelpText": "",
            "Popup": false,
            "Shortcut": 0,
            "HasHandler": false,
            "ViewTypeName": "FabSimulatorUI.Config.PhotoStackingView, FabSimulatorUI",
            "ViewType": "FabSimulatorUI.Config.PhotoStackingView, FabSimulatorUI, Version=1.0.0.0, Culture=neutral, PublicKeyToken=null",
            "ViewKind": 2
          },
          {
            "Name": "ReworkHoldScrap",
            "Text": "Rework/Hold/Scrap",
            "HelpText": "",
            "Popup": false,
            "Shortcut": 0,
            "HasHandler": false,
            "ViewTypeName": "FabSimulatorUI.Config.ReworkHoldScrapView, FabSimulatorUI",
            "ViewType": "FabSimulatorUI.Config.ReworkHoldScrapView, FabSimulatorUI, Version=1.0.0.0, Culture=neutral, PublicKeyToken=null",
            "ViewKind": 2
          },
          {
            "Name": "InitialWip",
            "Text": "Initial WIP",
            "HelpText": "",
            "Popup": false,
            "Shortcut": 0,
            "HasHandler": false,
            "ViewTypeName": "FabSimulatorUI.Config.WipCreationView, FabSimulatorUI",
            "ViewType": "FabSimulatorUI.Config.WipCreationView, FabSimulatorUI, Version=1.0.0.0, Culture=neutral, PublicKeyToken=null",
            "ViewKind": 2
          },
          {
            "Name": "ResourceBackup",
            "Text": "Photo Main/Backup Set",
            "HelpText": "",
            "Popup": false,
            "Shortcut": 0,
            "HasHandler": false,
            "ViewTypeName": "FabSimulatorUI.Config.ResourceBackupView, FabSimulatorUI",
            "ViewType": "FabSimulatorUI.Config.ResourceBackupView, FabSimulatorUI, Version=1.0.0.0, Culture=neutral, PublicKeyToken=null",
            "ViewKind": 2
          },
          {
            "Name": "WaferStart",
            "Text": "Wafer Start",
            "HelpText": "",
            "Popup": false,
            "Shortcut": 0,
            "HasHandler": false,
            "ViewTypeName": "FabSimulatorUI.Config.WaferStartView, FabSimulatorUI",
            "ViewType": "FabSimulatorUI.Config.WaferStartView, FabSimulatorUI, Version=1.0.0.0, Culture=neutral, PublicKeyToken=null",
            "ViewKind": 2
          },
          {
            "Name": "PhotoStackInhibit",
            "Text": "Photo Stack Inhibit",
            "HelpText": null,
            "Popup": false,
            "Shortcut": 0,
            "HasHandler": false,
            "ViewTypeName": "FabSimulatorUI.Config.PhotoStackInhibitView, FabSimulatorUI",
            "ViewType": "FabSimulatorUI.Config.PhotoStackInhibitView, FabSimulatorUI, Version=1.0.0.0, Culture=neutral, PublicKeyToken=null",
            "ViewKind": 2
          }
        ]
      },
      {
        "Name": "Commands1",
        "Text": "ctxPlan1",
        "Items": [
          {
            "Name": "ctxPlan1",
            "Text": "Analysis",
            "HelpText": "",
            "Popup": true,
            "Shortcut": 0,
            "HasHandler": false,
            "ViewTypeName": "",
            "ViewType": null,
            "ViewKind": 0
          },
          {
            "Name": "Dashboard",
            "Text": "Simulation Dashboard",
            "HelpText": "",
            "Popup": false,
            "Shortcut": 0,
            "HasHandler": false,
            "ViewTypeName": "FabSimulatorUI.Analysis.DashboardView, FabSimulatorUI",
            "ViewType": "FabSimulatorUI.Analysis.DashboardView, FabSimulatorUI, Version=1.0.0.0, Culture=neutral, PublicKeyToken=null",
            "ViewKind": 2
          },
          {
            "Name": "FabLineTrend",
            "Text": "Fab Line Trend",
            "HelpText": "",
            "Popup": false,
            "Shortcut": 0,
            "HasHandler": false,
            "ViewTypeName": "FabSimulatorUI.Analysis.FabLineTrendView, FabSimulatorUI",
            "ViewType": "FabSimulatorUI.Analysis.FabLineTrendView, FabSimulatorUI, Version=1.0.0.0, Culture=neutral, PublicKeyToken=null",
            "ViewKind": 2
          },
          {
            "Name": "StepWipTrend",
            "Text": "Step Wip Trend",
            "HelpText": "",
            "Popup": false,
            "Shortcut": 0,
            "HasHandler": false,
            "ViewTypeName": "FabSimulatorUI.Analysis.StepWipTrendView, FabSimulatorUI",
            "ViewType": "FabSimulatorUI.Analysis.StepWipTrendView, FabSimulatorUI, Version=1.0.0.0, Culture=neutral, PublicKeyToken=null",
            "ViewKind": 2
          },
          {
            "Name": "StepMoveTrend",
            "Text": "Step Move Trend",
            "HelpText": "",
            "Popup": false,
            "Shortcut": 0,
            "HasHandler": false,
            "ViewTypeName": "FabSimulatorUI.Analysis.StepMoveTrendView, FabSimulatorUI",
            "ViewType": "FabSimulatorUI.Analysis.StepMoveTrendView, FabSimulatorUI, Version=1.0.0.0, Culture=neutral, PublicKeyToken=null",
            "ViewKind": 2
          },
          {
            "Name": "EqpUtilization",
            "Text": "EQP Utilization",
            "HelpText": "",
            "Popup": false,
            "Shortcut": 0,
            "HasHandler": false,
            "ViewTypeName": "FabSimulatorUI.Analysis.EqpUtilizationView, FabSimulatorUI",
            "ViewType": "FabSimulatorUI.Analysis.EqpUtilizationView, FabSimulatorUI, Version=1.0.0.0, Culture=neutral, PublicKeyToken=null",
            "ViewKind": 2
          },
          {
            "Name": "InlineCycleTime",
            "Text": "Inline CycleTime",
            "HelpText": "",
            "Popup": false,
            "Shortcut": 0,
            "HasHandler": false,
            "ViewTypeName": "FabSimulatorUI.Analysis.InlineCycleTimeView, FabSimulatorUI",
            "ViewType": "FabSimulatorUI.Analysis.InlineCycleTimeView, FabSimulatorUI, Version=1.0.0.0, Culture=neutral, PublicKeyToken=null",
            "ViewKind": 2
          },
          {
            "Name": "CumulativeCycleTime",
            "Text": "Cumulative CycleTime",
            "HelpText": "",
            "Popup": false,
            "Shortcut": 0,
            "HasHandler": false,
            "ViewTypeName": "FabSimulatorUI.Analysis.CumulatvieCycleTimeView, FabSimulatorUI",
            "ViewType": "FabSimulatorUI.Analysis.CumulatvieCycleTimeView, FabSimulatorUI, Version=1.0.0.0, Culture=neutral, PublicKeyToken=null",
            "ViewKind": 2
          },
          {
            "Name": "PeggingResult",
            "Text": "Pegging Result",
            "HelpText": "",
            "Popup": false,
            "Shortcut": 0,
            "HasHandler": false,
            "ViewTypeName": "FabSimulatorUI.Analysis.PeggingResultView, FabSimulatorUI",
            "ViewType": "FabSimulatorUI.Analysis.PeggingResultView, FabSimulatorUI, Version=1.0.0.0, Culture=neutral, PublicKeyToken=null",
            "ViewKind": 2
          },
          {
            "Name": "StepTargetView",
            "Text": "Step Target View",
            "HelpText": "",
            "Popup": false,
            "Shortcut": 0,
            "HasHandler": false,
            "ViewTypeName": "FabSimulatorUI.Analysis.StepTargetView, FabSimulatorUI",
            "ViewType": "FabSimulatorUI.Analysis.StepTargetView, FabSimulatorUI, Version=1.0.0.0, Culture=neutral, PublicKeyToken=null",
            "ViewKind": 2
          },
          {
            "Name": "BomView",
            "Text": "BOM View",
            "HelpText": "",
            "Popup": false,
            "Shortcut": 0,
            "HasHandler": false,
            "ViewTypeName": "FabSimulatorUI.Bom.BomView, FabSimulatorUI",
            "ViewType": "FabSimulatorUI.Bom.BomView, FabSimulatorUI, Version=1.0.0.0, Culture=neutral, PublicKeyToken=null",
            "ViewKind": 2
          }
        ]
      },
      {
        "Name": "Commands2",
        "Text": "ctxPlan2",
        "Items": [
          {
            "Name": "ctxPlan2",
            "Text": "Gantt",
            "HelpText": "",
            "Popup": true,
            "Shortcut": 0,
            "HasHandler": false,
            "ViewTypeName": "",
            "ViewType": null,
            "ViewKind": 0
          },
          {
            "Name": "EqpGanttChart",
            "Text": "EQP Gantt Chart",
            "HelpText": "",
            "Popup": false,
            "Shortcut": 0,
            "HasHandler": false,
            "ViewTypeName": "FabSimulatorUI.Gantts.EqpGanttView, FabSimulatorUI",
            "ViewType": "FabSimulatorUI.Gantts.EqpGanttView, FabSimulatorUI, Version=1.0.0.0, Culture=neutral, PublicKeyToken=null",
            "ViewKind": 2
          }
        ]
      }
    ],
    "Bars": [
      {
        "Name": "-",
        "Type": 0,
        "Position": 0,
        "Links": [
          {
            "Name": "ctxPlan0",
            "Position": 3,
            "BeginGroup": false
          },
          {
            "Name": "ctxPlan1",
            "Position": 4,
            "BeginGroup": false
          },
          {
            "Name": "ctxPlan2",
            "Position": 5,
            "BeginGroup": false
          }
        ]
      },
      {
        "Name": "Project",
        "Type": 1,
        "Position": 0,
        "Links": []
      },
      {
        "Name": "Standards",
        "Type": 2,
        "Position": 0,
        "Links": []
      },
      {
        "Name": "ctxPlan0",
        "Type": 0,
        "Position": 0,
        "Links": [
          {
            "Name": "ResourceDown",
            "Position": -1,
            "BeginGroup": false
          },
          {
            "Name": "PhotoStacking",
            "Position": -1,
            "BeginGroup": false
          },
          {
            "Name": "PhotoStackInhibit",
            "Position": -1,
            "BeginGroup": false
          },
          {
            "Name": "ResourceBackup",
            "Position": -1,
            "BeginGroup": false
          },
          {
            "Name": "ReworkHoldScrap",
            "Position": -1,
            "BeginGroup": false
          },
          {
            "Name": "InitialWip",
            "Position": -1,
            "BeginGroup": false
          },
          {
            "Name": "WaferStart",
            "Position": -1,
            "BeginGroup": false
          },
          {
            "Name": "SchedulerRun",
            "Position": -1,
            "BeginGroup": false
          }
        ]
      },
      {
        "Name": "ctxPlan1",
        "Type": 0,
        "Position": 0,
        "Links": [
          {
            "Name": "Dashboard",
            "Position": -1,
            "BeginGroup": false
          },
          {
            "Name": "FabLineTrend",
            "Position": -1,
            "BeginGroup": false
          },
          {
            "Name": "StepWipTrend",
            "Position": -1,
            "BeginGroup": false
          },
          {
            "Name": "StepMoveTrend",
            "Position": -1,
            "BeginGroup": false
          },
          {
            "Name": "EqpUtilization",
            "Position": -1,
            "BeginGroup": false
          },
          {
            "Name": "InlineCycleTime",
            "Position": -1,
            "BeginGroup": false
          },
          {
            "Name": "CumulativeCycleTime",
            "Position": -1,
            "BeginGroup": false
          },
          {
            "Name": "PeggingResult",
            "Position": -1,
            "BeginGroup": false
          },
          {
            "Name": "StepTargetView",
            "Position": -1,
            "BeginGroup": false
          },
          {
            "Name": "BomView",
            "Position": -1,
            "BeginGroup": false
          }
        ]
      },
      {
        "Name": "ctxPlan2",
        "Type": 0,
        "Position": 0,
        "Links": [
          {
            "Name": "EqpGanttChart",
            "Position": -1,
            "BeginGroup": false
          }
        ]
      }
    ]
  }
}